Opt Level,Fidelity,SWAP Count,Depth
Level 1,0.9801999999999982,0,6
Level 2,0.9801999999999982,0,6
Level 3,0.9801999999999986,0,6
